step,amplitude,potential
0,0.1904594085697192,-11.78826265347102
1,-0.08981491622003784,-11.802366687039571
2,0.020852651097757115,-11.806182630098457
3,-0.4043296596592737,-11.72465880978729
